203336170,orllow13,Lowell,Orlowsky
2084576656,czacri90,Cristy,Czarniecki
2079552828,dropor93,Porsha,Drock
208030352,zipsal49,Sally,Zipf
2010944499,paysha89,Sharleen,Paye
204549144,lipcar92,Carson,Lipman
2040556835,duslei46,Leida,Dust
203690359,manjes72,Jesus,Manni
2062362447,trides04,Deshawn,Tripoli
203760807,poukor95,Kortney,Pouliot
205216195,milmar52,Maren,Millstein
2025809673,rufren52,Rene,Ruffins
2008070932,bricel04,Celestine,Brinda
2047935984,chalil59,Lili,Chandsawangbh
208092657,gutcar92,Carroll,Gutgesell
2032572306,waiste48,Stefania,Wai
200007771,berdea02,Deadra,Bergara
201223822,doslei44,Leigh,Dossous
2076225819,aykmic57,Michal,Aykroid
2058671757,schrei93,Reid,Scheibner
204672109,mckchi25,Ching,Mckale
2003891491,memeva05,Evangeline,Memmo
204343694,tirsun56,Sunny,Tiry
2014177728,hemleo02,Leonila,Hemish
2090473756,soctra57,Trang,Socia
208401391,grecor63,Corey,Greubel
200208318,zinvin19,Vincent,Zindel
2058518256,verjan19,Janis,Verbridge
2042190177,irebre53,Bree,Ireson
2024674907,vaneni22,Enid,Vanzante
2003978673,jergai68,Gail,Jerrel
208732020,loutei04,Teisha,Louge
2092858602,pelmad64,Madonna,Pelini
2077787801,mozsha78,Shawn,Mozee
2071525692,gonger82,Gertrudis,Gongalves
207839900,kilmar68,Margy,Killingworth
2038719590,barang08,Angelita,Barhydt
2089176850,shrnit44,Nita,Shreffler
2074060873,haslae12,Lael,Hastin
2028415936,dimcla34,Clark,Dimarco
2097526957,sprver51,Verlie,Springman
202694982,cadson53,Sondra,Cady
2041272822,pegcha56,Charmain,Peggs
2089927397,leusar33,Sara,Leuasseur
2099760219,fegjos90,Josiah,Fegett
2095560414,salmar94,Marcelle,Salvatore
2012178109,sohdim44,Dimple,Soho
201788191,brudan48,Daniel,Brutlag
208346120,zegmay20,Mayra,Zegarelli
2015043243,ceskev48,Kevin,Cestone
2000865509,heldev37,Devon,Heldt
2062938686,llakry34,Krystyna,Llanez
2099162252,caramb04,Amberly,Carline
2020629877,elrabi68,Abigail,Elreda
2016068836,ohlmar95,Mary,Ohlsen
200512129,mohkia61,Kiana,Mohre
2088578401,harcam24,Camellia,Harty
2078059471,titbas36,Basil,Titterness
2033660074,ditjoh32,Johnsie,Ditommaso
2013068243,lamdor38,Dorla,Lamper
206994846,borchr86,Christen,Borkenhagen
201616584,stawin39,Winifred,Stahoski
204710489,tricyn33,Cyndi,Trivisonno
203085293,demmad67,Madge,Demoura
202893516,talgen47,Genevieve,Talbert
2029483104,mcalaw52,Lawrence,Mcanulty
2028015287,sitkri09,Krista,Sittloh
208703197,hiemer36,Merry,Hieronymus
2072532386,rolver92,Vernetta,Roloff
204653289,lafgen51,Gene,Lafrate
207991408,bermig18,Miguelina,Bergreen
207266719,levaik86,Aiko,Levandoski
2000995684,nistwa81,Twana,Niskala
2044511064,cefrog23,Roger,Cefalu
2080882670,sorhil96,Hildegard,Soroka
205568935,ostdal86,Dalene,Ostaba
202819420,wahfer60,Fermina,Wahlen
2044378749,pilron17,Ronni,Pilarz
2053074937,strmel61,Mellie,Stricklin
